{"cameraMode":{"drawMode":0,"name":"Shaded","section":"Shading Mode"},"sceneLighting":true,"audioPlay":false,"sceneViewState":{"m_AlwaysRefresh":false,"showFog":true,"showSkybox":true,"showFlares":true,"showImageEffects":true,"showParticleSystems":true,"showVisualEffectGraphs":true,"m_FxEnabled":true},"in2DMode":false,"pivot":{"x":4.690603733062744,"y":-2.8766262531280519,"z":9.504952430725098},"rotation":{"x":0.24508287012577058,"y":0.29123860597610476,"z":-0.07710282504558563,"w":0.9216310977935791},"size":6.603577136993408,"orthographic":false}