{"cameraMode":{"drawMode":0,"name":"Shaded","section":"Shading Mode"},"sceneLighting":true,"audioPlay":false,"sceneViewState":{"m_AlwaysRefresh":false,"showFog":true,"showSkybox":true,"showFlares":true,"showImageEffects":true,"showParticleSystems":true,"showVisualEffectGraphs":true,"m_FxEnabled":true},"in2DMode":false,"pivot":{"x":-3.5262258052825929,"y":1.8296406269073487,"z":-2.4216151237487795},"rotation":{"x":0.30625924468040469,"y":-0.23791185021400453,"z":0.07935285568237305,"w":0.9183318614959717},"size":4.882094383239746,"orthographic":false}