{"cameraMode":{"drawMode":0,"name":"Shaded","section":"Shading Mode"},"sceneLighting":true,"audioPlay":false,"sceneViewState":{"m_AlwaysRefresh":false,"showFog":true,"showSkybox":false,"showFlares":true,"showImageEffects":true,"showParticleSystems":true,"showVisualEffectGraphs":true,"m_FxEnabled":true},"in2DMode":false,"pivot":{"x":0.6517977118492127,"y":0.5565314292907715,"z":0.4114985466003418},"rotation":{"x":0.17137537896633149,"y":-0.6950045824050903,"z":0.1762802004814148,"w":0.6756749153137207},"size":0.4330126941204071,"orthographic":false}